{"alpha": {"alpha_NPI1": {"alpha_NPI1_countryA": 0.027643461097920798, "alpha_NPI1_countryB": 0.02950466492583661, "alpha_NPI1_countryC": 0.03245513141842027, "alpha_NPI1_countryD": 0.035700644560262305, "alpha_NPI1_countryE": 0.02682242265985145, "alpha_NPI1_countryF": 0.026554198433252935, "alpha_NPI1_countryG": 0.02709335622207217, "alpha_NPI1_countryH": 0.029209618276578225, "alpha_NPI1_countryI": 0.0295046649258366, "alpha_NPI1_countryJ": 0.03570064456026231, "priors": {"mean": 0.010602546784046868, "sd": 0.008762435358716418}}, "alpha_NPI2": {"alpha_NPI2_countryA": 0.023898778589927654, "alpha_NPI2_countryB": 0.02194561853987848, "alpha_NPI2_countryC": 0.023898778589927647, "alpha_NPI2_countryD": 0.021293811723625544, "alpha_NPI2_countryE": 0.021945618539878475, "alpha_NPI2_countryF": 0.02389877858992764, "alpha_NPI2_countryG": 0.021508900730934918, "alpha_NPI2_countryH": 0.027093356222072196, "alpha_NPI2_countryI": 0.02438402059986496, "alpha_NPI2_countryJ": 0.023898778589927644, "priors": {"mean": 0.007575444399119323, "sd": 0.006387815376504268}}, "alpha_NPI3": {"alpha_NPI3_countryA": 0.04946674503645826, "alpha_NPI3_countryB": 0.04542400829794148, "alpha_NPI3_countryC": 0.054413419540104056, "alpha_NPI3_countryD": 0.05441341954010412, "alpha_NPI3_countryE": 0.03754050272557146, "alpha_NPI3_countryF": 0.04946674503645827, "alpha_NPI3_countryG": 0.044520070532812414, "alpha_NPI3_countryH": 0.0408816074681473, "alpha_NPI3_countryI": 0.04848235681023276, "alpha_NPI3_countryJ": 0.048482356810232774, "priors": {"mean": 0.0193580106578414, "sd": 0.013626502499132854}}, "alpha_NPI4": {"alpha_NPI4_countryA": 0.019358010657841398, "alpha_NPI4_countryB": 0.021726162354479696, "alpha_NPI4_countryC": 0.019751056685890615, "alpha_NPI4_countryD": 0.01955354611903171, "alpha_NPI4_countryE": 0.017955506078082377, "alpha_NPI4_countryF": 0.01975105668589061, "alpha_NPI4_countryG": 0.02365979080402839, "alpha_NPI4_countryH": 0.021508900730934883, "alpha_NPI4_countryI": 0.017955506078082394, "alpha_NPI4_countryJ": 0.02150890073093489, "priors": {"mean": 0.006886767635563021, "sd": 0.005865762512859749}}, "alpha_NPI5": {"alpha_NPI5_countryA": 0.03570064456026227, "alpha_NPI5_countryB": 0.04088160746814734, "alpha_NPI5_countryC": 0.04363412112920945, "alpha_NPI5_countryD": 0.04452007053281245, "alpha_NPI5_countryE": 0.033114102049199325, "alpha_NPI5_countryF": 0.0408816074681473, "alpha_NPI5_countryG": 0.04319777991791739, "alpha_NPI5_countryH": 0.03716509769831571, "alpha_NPI5_countryI": 0.043634121129209516, "alpha_NPI5_countryJ": 0.03570064456026227, "priors": {"mean": 0.014543959923246724, "sd": 0.009736039287462682}}, "priors": {"mean": 0, "sd": 0}}, "phi_infections": 0.0010034060931179657, "phi_deaths": 137.80612339822378, "phi_hospitalizations": 13.78061233982239, "phi_intensiveCare": 13.78061233982239, "phi_rep_cases": 27.56122467964478, "beta_alpha": 0.02354515012188651, "beta_delta": 0.028204735331007865, "piH": {"piH_countryA": 0.004345232470895939, "piH_countryB": 0.0039502113371781234, "piH_countryC": 0.0038143143197456124, "piH_countryD": 0.004071127907148334, "piH_countryE": 0.003990112461796084, "piH_countryF": 0.002967852244311135, "piH_countryG": 0.0037761711765481563, "piH_countryH": 0.004071127907148334, "piH_countryI": 0.0044334582908845364, "piH_countryJ": 0.004433458290884538, "priors": {"a": 0, "b": 0, "scale": 0}}, "piHicu": {"piHicu_countryA": 0.0011327931616444081, "piHicu_countryB": 0.0008341476917563365, "piHicu_countryC": 0.0010772750253185946, "piHicu_countryD": 0.000989233264755367, "piHicu_countryE": 0.0011102505777276846, "piHicu_countryF": 0.00093619269557389, "piHicu_countryG": 0.0008012789444518471, "piHicu_countryH": 0.001099148071950408, "piHicu_countryI": 0.0010195138454799663, "piHicu_countryJ": 0.0012212756355004532, "priors": {"a": 0, "b": 0, "scale": 0}}, "R0": {"R0_countryA": 0.09560002505839972, "R0_countryB": 0.08517962232703416, "R0_countryC": 0.1051600275642397, "R0_countryD": 0.09369758455973762, "R0_countryE": 0.08690911368945431, "R0_countryF": 0.08432782610376384, "R0_countryG": 0.10516002756423969, "R0_countryH": 0.08867372073202155, "R0_countryI": 0.09464402480781574, "R0_countryJ": 0.1062222500648886, "priors": {"mean": 0.015550401949935408, "sd": 0.02322961278940968}}, "tau": {"tau_countryA": 8.94126684047883, "tau_countryB": 6.717706116062238, "tau_countryC": 7.464117906735814, "tau_countryD": 8.763335630353303, "tau_countryE": 7.170001879379976, "tau_countryF": 5.441341954010405, "tau_countryG": 7.3155819603917704, "tau_countryH": 8.293464340817568, "tau_countryI": 7.09830186058618, "tau_countryJ": 7.1700018793799805, "priors": {"mean": 2.1508900730934886, "sd": 1.7598191507128536}}, "rho": {"rho_countryA": {"1": 0.04342269722219583, "2": 0.0022165014172733978, "3": 0.004212867130082509, "4": 0.004728245937241871, "5": 0.00940109551158939, "priors": {"a": 0, "b": 0, "scale": 0}}, "rho_countryB": {"1": 0.0023780536657120517, "2": 0.0025897004419604226, "3": 0.0027919819434819534, "4": 0.004847737613933683, "5": 0.030714956775467553, "priors": {"a": 0, "b": 0, "scale": 0}}, "rho_countryC": {"1": 0.002055913976563983, "2": 0.002791981943481955, "3": 0.003102202159424392, "4": 0.006784864641669181, "5": 0.008546450465081259, "priors": {"a": 0, "b": 0, "scale": 0}}, "rho_countryD": {"1": 0.0027090572877785965, "2": 0.002487655911642421, "3": 0.0028201837812949016, "4": 0.007388717594777738, "5": 0.008376376100826147, "priors": {"a": 0, "b": 0, "scale": 0}}, "rho_countryE": {"1": 0.0018503225789075857, "2": 0.004776005997214012, "3": 0.0035882839949015837, "4": 0.005386375126592977, "5": 0.02414018039386632, "priors": {"a": 0, "b": 0, "scale": 0}}, "rho_countryF": {"1": 0.002487655911642419, "2": 0.002216501417273398, "3": 0.0021943364031006625, "4": 0.0049961275997745845, "5": 0.008376376100826146, "priors": {"a": 0, "b": 0, "scale": 0}}, "rho_countryG": {"1": 0.0017953661479914514, "2": 0.0028486704861564655, "3": 0.003102202159424392, "4": 0.004129031074193863, "5": 0.012263852249219567, "priors": {"a": 0, "b": 0, "scale": 0}}, "rho_countryH": {"1": 0.007388717594777738, "2": 0.002538165403165412, "3": 0.004170738458781681, "4": 0.00408774076345193, "5": 0.033448587928484166, "priors": {"a": 0, "b": 0, "scale": 0}}, "rho_countryI": {"1": 0.009214013710908762, "2": 0.003344515170097034, "3": 0.0037536646129035186, "4": 0.005201070530966059, "5": 0.009496056072312516, "priors": {"a": 0, "b": 0, "scale": 0}}, "rho_countryJ": {"1": 0.0020559139765639837, "2": 0.0037536646129035143, "3": 0.003716127966774482, "4": 0.009214013710908764, "5": 0.009401095511589384, "priors": {"a": 0, "b": 0, "scale": 0}}, "priors": {"a": 0, "b": 0, "scale": 0}}, "beta_sat": {"beta_sat_countryA": 0.01716353275218799, "beta_sat_countryB": 0.013025470901492755, "beta_sat_countryC": 0.014042890433608362, "beta_sat_countryD": 0.014988382799323737, "beta_sat_countryE": 0.016991897424666114, "beta_sat_countryF": 0.012895216192477823, "beta_sat_countryG": 0.01137474125122277, "beta_sat_countryH": 0.01498838279932373, "beta_sat_countryI": 0.01276626403055305, "beta_sat_countryJ": 0.013902461529272273, "priors": {"min": 0, "max": 0}}, "beta_sun": {"beta_sun_countryA": 0.014042890433608351, "beta_sun_countryB": 0.012512215376345046, "beta_sun_countryC": 0.014988382799323735, "beta_sun_countryD": 0.013902461529272275, "beta_sun_countryE": 0.01850417629546142, "beta_sun_countryF": 0.010237267126100487, "beta_sun_countryG": 0.012766264030553054, "beta_sun_countryH": 0.017688911100792633, "beta_sun_countryI": 0.015447179476969176, "beta_sun_countryJ": 0.013763436913979554, "priors": {"min": 0, "max": 0}}, "beta_mon": {"beta_mon_countryA": 0.018879886027406794, "beta_mon_countryB": 0.01418473781172561, "beta_mon_countryC": 0.012638601390247523, "beta_mon_countryD": 0.015603211592898188, "beta_mon_countryE": 0.015292707682199503, "beta_mon_countryF": 0.012140590067452222, "beta_mon_countryG": 0.012512215376345049,